{"sub-1.icecube.wisc.edu":{"Jobs":11346,"NumJobStarts":11387,"CoreHr":2237.624444444454,"CommittedCoreHr":3376.8780555555927,"RequestCpus":1,"MemoryUsage":9766,"MemoryMB":7807.98828125},"exocet.bmrb.wisc.edu":{"Jobs":328,"NumJobStarts":368,"CoreHr":367.37861111111107,"CommittedCoreHr":324.66499999999996,"RequestCpus":1,"MemoryUsage":733,"MemoryMB":639.95703125},"login05.hep.wisc.edu":{"Jobs":4970,"NumJobStarts":4971,"CoreHr":385.2069444444438,"CommittedCoreHr":384.36083333333295,"RequestCpus":1,"MemoryUsage":1709,"MemoryMB":1600.3203125},"sub-simprod-2.icecube.wisc.edu":{"Jobs":57,"NumJobStarts":110,"CoreHr":295.9380555555556,"CommittedCoreHr":24.759999999999923,"RequestCpus":8,"MemoryUsage":7325,"MemoryMB":5019.6640625},"submit3.chtc.wisc.edu":{"Jobs":94,"NumJobStarts":94,"CoreHr":14.717222222222222,"CommittedCoreHr":14.664722222222222,"RequestCpus":1,"MemoryUsage":977,"MemoryMB":790.484375},"osggrid01.hep.wisc.edu":{"Jobs":386,"NumJobStarts":386,"CoreHr":249.46499999999992,"CommittedCoreHr":249.45666666666654,"RequestCpus":8,"MemoryUsage":2198,"MemoryMB":2047.859375},"submit-1.chtc.wisc.edu":{"Jobs":607,"NumJobStarts":4452,"CoreHr":586.5241666666667,"CommittedCoreHr":402.708611111111,"RequestCpus":1,"MemoryUsage":3418,"MemoryMB":3410.8671875},"cmsgrid01.hep.wisc.edu":{"Jobs":65,"NumJobStarts":65,"CoreHr":154.9308333333334,"CommittedCoreHr":154.91527777777785,"RequestCpus":8,"MemoryUsage":8,"MemoryMB":5.77734375},"submit2.chtc.wisc.edu":{"Jobs":669,"NumJobStarts":1178,"CoreHr":766.1380555555558,"CommittedCoreHr":461.6294444444443,"RequestCpus":16,"MemoryUsage":26856,"MemoryMB":24669.79296875},"login04.hep.wisc.edu":{"Jobs":1051,"NumJobStarts":1051,"CoreHr":44.443055555555496,"CommittedCoreHr":18.653611111111093,"RequestCpus":1,"MemoryUsage":489,"MemoryMB":481.76953125},"login01.hep.wisc.edu":{"Jobs":426,"NumJobStarts":426,"CoreHr":14.45972222222222,"CommittedCoreHr":10.492777777777768,"RequestCpus":1,"MemoryUsage":318,"MemoryMB":300.640625},"deepdivesubmit2000.chtc.wisc.edu":{"Jobs":1,"NumJobStarts":1,"CoreHr":0.7311111111111112,"CommittedCoreHr":0.7305555555555555,"RequestCpus":1,"MemoryUsage":2442,"MemoryMB":2370.94140625}}